#Word1	Word2	Score
аварыя_NOUN	бедзтва_NOUN	6.15
жнівень_NOUN	месяц_NOUN	2.85
авіяцыя_NOUN	палёт_NOUN	6.77
аўтамабіль_NOUN	гудок_NOUN	1.85
аўтамабіль_NOUN	аўтастрада_NOUN	1.23
аўтамабіль_NOUN	таксі_NOUN	4.15
аўтамабіль_NOUN	датчык_NOUN	1.62
аўтамабіль_NOUN	ровар_NOUN	1.38
аўтамабіль_NOUN	карэта_NOUN	3
аўтамабіль_NOUN	мост_NOUN	1.15
аўтамабіль_NOUN	пад'ёмнік_NOUN	2.08
аўтамабіль_NOUN	шланг_NOUN	2.15
аўтамабіль_NOUN	завод_NOUN	1.77
аўтар_NOUN	стваральнік_NOUN	9.23
аўтатранспарт_NOUN	аўтобус_NOUN	8.31
агрэсіўнасць_NOUN	варожасць_NOUN	9.08
акцёр_NOUN	спявак_NOUN	5.62
актрыса_NOUN	акцёр_NOUN	3.69
алкаголь_NOUN	брэндзі_NOUN	6.77
алкаголь_NOUN	джын_NOUN	6.38
алкаголь_NOUN	кактэйль_NOUN	5.31
алкаголь_NOUN	віскі_NOUN	6.31
алкаголь_NOUN	віно_NOUN	6.46
аналізаваць_VERB	ацэньваць_VERB	7.92
анархія_NOUN	хаос_NOUN	7.54
анатомія_NOUN	біялогія_NOUN	4.38
аргументаваць_VERB	абгрунтоўваць_VERB	8.77
аргументаваць_VERB	пацвярджаць_VERB	5.46
арыфметыка_NOUN	рытм_NOUN	0.23
армія_NOUN	легіён_NOUN	6.85
армія_NOUN	атрад_NOUN	3.77
архіепіскап_NOUN	біскуп_NOUN	6
атам_NOUN	вуглярод_NOUN	1.85
баль_NOUN	касцюм_NOUN	1.92
балада_NOUN	песня_NOUN	6.38
слоік_NOUN	бутэлька_NOUN	3.23
баскетбол_NOUN	бейсбол_NOUN	1.23
вежа_NOUN	звон_NOUN	1.08
сцягно_NOUN	губа_NOUN	0.77
вар'яцкі_ADJ	вар'ят_ADJ	9.31
бекон_NOUN	боб_NOUN	0.31
бераг_NOUN	узбярэжжа_NOUN	7.62
Біблія_NOUN	псалом_NOUN	5.54
біяграфія_NOUN	раман_NOUN	2.92
бітва_NOUN	заваёва_NOUN	4.08
боб_NOUN	кава_NOUN	2.77
бог_NOUN	д'ябал_NOUN	0.08
бог_NOUN	дух_NOUN	4.08
бог_NOUN	святар_NOUN	2.15
бог_NOUN	ахвяра_NOUN	0.46
багацце_NOUN	беднасць_NOUN	0.23
багацце_NOUN	рэпутацыя_NOUN	1.31
багацце_NOUN	слава_NOUN	3.23
хвароба_NOUN	інфекцыя_NOUN	7.5
боль_NOUN	шкода_NOUN	2.15
вялікі_ADJ	велізарны_ADJ	9.15
вялікі_ADJ	шырокі_ADJ	3.31
вялікі_ADJ	цяжкі_ADJ	2.92
брат_NOUN	сын_NOUN	0.92
брат_NOUN	чалавек_NOUN	1.54
братэрства_NOUN	дзверы_NOUN	0.08
братэрства_NOUN	бейсбол_NOUN	0.69
браць_VERB	красьці_VERB	2.69
браць_VERB	атрымліваць_VERB	4.08
браць_VERB	несці_VERB	1
браць_VERB	дастаўляць_VERB	1.15
браць_VERB	завалодвалі_VERB	6.85
бервяно_NOUN	драўніна_NOUN	6.54
бервяно_NOUN	ванна_NOUN	0
брыво_NOUN	вока_NOUN	2.23
брушка_NOUN	жывот_NOUN	7.77
папера_NOUN	кардон_NOUN	6.62
бура_NOUN	ураган_NOUN	8.54
бутэрброд_NOUN	абед_NOUN	2.15
бутэлька_NOUN	кантэйнер_NOUN	2.31
хуткі_ADJ	хуткасны_ADJ	9.15
ванна_NOUN	свавольства_NOUN	0.38
ванна_NOUN	жонка_NOUN	0.31
ванна_NOUN	шар_NOUN	0.15
ванная_NOUN	спальня_NOUN	1.08
ванная_NOUN	кухня_NOUN	2.08
ветлівы_ADJ	прыстойны_ADJ	5.38
ровар_NOUN	спальня_NOUN	0
вера_NOUN	кветка_NOUN	0.23
вераванне_NOUN	думка_NOUN	1.31
вераванне_NOUN	прадстаўленне_NOUN	4.62
верх_NOUN	боку_NOUN	1.46
вечар_NOUN	змярканне_NOUN	7.23
дарослы_NOUN	немаўля_NOUN	0.31
дарослы_NOUN	апякун_NOUN	5.38
бачаньне_NOUN	успрыманне_NOUN	7.62
віно_NOUN	брэндзі_NOUN	4.62
віно_NOUN	спіртное_NOUN	6.46
скронь_NOUN	джын_NOUN	5.69
скронь_NOUN	шампанскае_NOUN	2.31
вітамін_NOUN	жалеза_NOUN	2.69
укладваць_VERB	злучаць_VERB	1.92
увага_NOUN	інтарэс_NOUN	7.08
увага_NOUN	дасведчанасць_NOUN	2.85
вада_NOUN	лёд_NOUN	2
вада_NOUN	соль_NOUN	0
кіроўца_NOUN	пілот_NOUN	6.62
паветра_NOUN	гелій_NOUN	1.85
красьці_VERB	купляць_VERB	0
цудоўны_ADJ	выдатны_ADJ	9.08
цудоўны_ADJ	радасны_ADJ	5.23
лекар_NOUN	ортодонт_NOUN	3.85
лекар_NOUN	самавалоданне_NOUN	2.23
уваходзіць_VERB	завінаваціцца_VERB	0.08
выбіраць_VERB	абіраць_VERB	8.54
выбар_NOUN	Вена_NOUN	0.15
выйграваць_VERB	дамінаваць_VERB	7.38
цягавітасьць_NOUN	сіла_NOUN	4.38
выказвацца_VERB	удзельнічаць_VERB	1.85
выхад_NOUN	праход_NOUN	4.54
выхадны_NOUN	тыдзень_NOUN	2.92
газета_NOUN	інфармацыя_NOUN	5.54
гераіня_NOUN	герой_NOUN	6.54
гітара_NOUN	барабан_NOUN	0.85
старшыня_NOUN	кіраўнік_NOUN	8.62
старшыня_NOUN	мэр_NOUN	7.08
старшыня_NOUN	выбар_NOUN	0.85
старшыня_NOUN	канец_NOUN	1
вока_NOUN	сляза_NOUN	1.77
глыбіня_NOUN	велічыня_NOUN	3.15
казаць_VERB	чуць_VERB	0.08
казаць_VERB	прызнаваць_VERB	4.23
казаць_VERB	пацвярджаць_VERB	2.92
ганарар_NOUN	плацеж_NOUN	8
ганарар_NOUN	зарплата_NOUN	8.77
ганчак_NOUN	ліса_NOUN	0.62
гара_NOUN	выступ_NOUN	4.15
горла_NOUN	нос_NOUN	2.92
спадарыня_NOUN	спадар_NOUN	4.38
грэшнік_NOUN	святы_NOUN	0.15
грып_NOUN	спякота_NOUN	3.69
грукат_NOUN	шум_NOUN	7.92
грубы_ADJ	абыякавы_ADJ	2.85
гружаны_ADJ	цяжкі_ADJ	6.38
група_NOUN	аркестр_NOUN	4.77
брудны_ADJ	танней_ADJ	0.77
брудны_ADJ	вузкі_ADJ	0
даваць_VERB	пазычаць_VERB	6.85
даваць_VERB	укладваць_VERB	5.46
даваць_VERB	займаць_VERB	6.31
даваць_VERB	красьці_VERB	0
даваць_VERB	ведаць_VERB	0.46
дантыст_NOUN	палкоўнік_NOUN	0.31
дата_NOUN	каляндар_NOUN	4.46
дзверы_NOUN	праём_NOUN	4.92
дзверы_NOUN	падвал_NOUN	0.38
дзверы_NOUN	вароты_NOUN	3.15
дзверы_NOUN	калідор_NOUN	0.69
дзверы_NOUN	падлога_NOUN	0.31
дзверы_NOUN	кухня_NOUN	1.23
дзяўчынка_NOUN	дзіця_NOUN	4.69
дзяўчынка_NOUN	дзяўчына_NOUN	5.77
дзеянне_NOUN	рух_NOUN	7.08
дзеянне_NOUN	курс_NOUN	3.08
дзейнічаць_VERB	адбывацца_VERB	4
рабіць_VERB	будаваць_VERB	6.38
рабіць_VERB	станавіцца_VERB	3.54
рабіць_VERB	спыняць_VERB	2.38
дзень_NOUN	світанне_NOUN	1.54
дзень_NOUN	раніца_NOUN	0.77
грошы_NOUN	зарплата_NOUN	7.54
грошы_NOUN	капітал_NOUN	8.08
грошы_NOUN	жэмчуг_NOUN	3.08
грошы_NOUN	брыльянт_NOUN	4.08
дрэва_NOUN	клён_NOUN	5.23
дрэва_NOUN	бервяно_NOUN	5.92
дрэва_NOUN	папера_NOUN	2.85
трымаць_VERB	займаць_VERB	3.31
трымаць_VERB	даваць_VERB	0.31
дзёрзкі_ADJ	горды_ADJ	0.85
дзесяцігоддзе_NOUN	стагоддзе_NOUN	2.08
канапа_NOUN	крэсла_NOUN	1.23
дыета_NOUN	салата_NOUN	2.85
дыета_NOUN	яблык_NOUN	2.38
дыск_NOUN	кампутар_NOUN	2.54
дыскусія_NOUN	спрэчка_NOUN	8.69
доўгі_ADJ	вузкі_ADJ	1
дадаваць_VERB	будаваць_VERB	0.77
дамагацца_VERB	пераконваць_VERB	5.23
здабываць_VERB	зарабляць_VERB	6.62
дождж_NOUN	імжа_NOUN	7.31
доказ_NOUN	факт_NOUN	6.62
доктар_NOUN	прафесар_NOUN	4.46
даляр_NOUN	народ_NOUN	0.23
дом_NOUN	кватэра_NOUN	6.92
дом_NOUN	ключ_NOUN	0.62
дом_NOUN	дыван_NOUN	0.85
дом_NOUN	свіран_NOUN	3.08
дом_NOUN	дзяржава_NOUN	2.69
домік_NOUN	хаціна_NOUN	8.38
дарожка_NOUN	шар_NOUN	0
прыкрасьць_NOUN	злосць_NOUN	5.69
дасягаць_VERB	завяршаць_VERB	6.62
дасягаць_VERB	спрабаваць_VERB	1.85
дасягаць_VERB	мець поспех_VERB	7.38
дасягаць_VERB	заставацца_VERB	3.08
дачка_NOUN	дзіця_NOUN	7.69
сябар_NOUN	прыяцель_NOUN	9.31
сябар_NOUN	госьць_NOUN	2.46
сябар_NOUN	настаўнік_NOUN	3
сябар_NOUN	хлопец_NOUN	1
прыязны_ADJ	велікадушны_ADJ	4.46
дуб_NOUN	клён_NOUN	2.92
думаць_VERB	абгрунтоўваць_VERB	5
думаць_VERB	вырашаць_VERB	6.08
думаць_VERB	пытацца_VERB	3.31
дзірка_NOUN	жонка_NOUN	0.15
дыхаць_VERB	задыхацца_VERB	2.62
дзядзька_NOUN	цётка_NOUN	0
скардзіцца_VERB	лаяцца_VERB	3.54
спякота_NOUN	хвароба_NOUN	6.31
страўнік_NOUN	талія_NOUN	0
страўнік_NOUN	Вена_NOUN	0.38
страўнік_NOUN	спальня_NOUN	0
жонка_NOUN	муж_NOUN	0
жонка_NOUN	салома_NOUN	0.15
жаніх_NOUN	нявеста_NOUN	0
жанчына_NOUN	мужчына_NOUN	0
жанчына_NOUN	сакратар_NOUN	1.54
жанчына_NOUN	жонка_NOUN	4.62
жанчына_NOUN	мех_NOUN	0.46
жорсткі_ADJ	бязлітасны_ADJ	3.77
жывёліна_NOUN	чалавек_NOUN	2.54
забіраць_VERB	кідаць_VERB	0.08
забываць_VERB	ігнараваць_VERB	5.46
забываць_VERB	пазнаваць_VERB	0
забываць_VERB	ведаць_VERB	0
забываць_VERB	памятаць_VERB	0.08
завяршаць_VERB	вырашаць_VERB	1.38
завяршаць_VERB	станавіцца_VERB	3.92
сняданак_NOUN	бекон_NOUN	2.38
сняданак_NOUN	вячэра_NOUN	2
забруджванне_NOUN	атмасфера_NOUN	1.92
забруджванне_NOUN	прэзідэнт_NOUN	0.31
заданне_NOUN	задача_NOUN	8.85
задача_NOUN	праца_NOUN	6.92
задача_NOUN	жанчына_NOUN	0.46
задача_NOUN	аўтастрада_NOUN	0.31
задача_NOUN	дробязь_NOUN	0.46
завінаваціцца_VERB	пазычаць_VERB	5.08
заход_NOUN	світанне_NOUN	0
заход_NOUN	вечар_NOUN	5.46
замяняць_VERB	аднаўляць_VERB	2.38
прыкметны_ADJ	відавочны_ADJ	6.77
займаць_VERB	жабраваць_VERB	2.62
займаць_VERB	прадаваць_VERB	1.62
займаць_VERB	хацець_VERB	0.38
заслугоўваць_VERB	зарабляць_VERB	4.46
абараняць_VERB	адстойваць_VERB	8.85
звер_NOUN	жывёліна_NOUN	8.38
званок_NOUN	дзверы_NOUN	1.31
збожжа_NOUN	гарчыца_NOUN	1.38
зіма_NOUN	лета_NOUN	0
зіма_NOUN	сезон_NOUN	3.92
колас_NOUN	пшаніца_NOUN	6.62
злосць_NOUN	лютасць_NOUN	8.85
злосць_NOUN	настрой_NOUN	3.62
ведаць_VERB	верыць_VERB	2.69
ведаць_VERB	разумець_VERB	3.46
ігнараваць_VERB	пазбягаць_VERB	7.77
ігнараваць_VERB	абарачацца_VERB	1.54
ігнараваць_VERB	даследаваць_VERB	0.08
гульня_NOUN	весялосьць_NOUN	5.23
гульня_NOUN	спрыт_NOUN	0.54
гульня_NOUN	дзеянне_NOUN	4.62
ідэя_NOUN	чын_NOUN	5.69
ідэя_NOUN	план_NOUN	6.54
ісьці_VERB	прыходзіць_VERB	6.46
ісьці_VERB	уваходзіць_VERB	4.15
ісьці_VERB	пасылаць_VERB	1.08
ісьці_VERB	дазваляць_VERB	0.08
вестка_NOUN	газета_NOUN	5.23
выгіб_NOUN	кут_NOUN	4.69
зносаўстойлівасць_NOUN	павязка_NOUN	0.85
багацце_NOUN	мноства_NOUN	8.69
маляваць_VERB	паведамляць_VERB	0.54
вывучаць_VERB	ацэньваць_VERB	3.15
вывучаць_VERB	выяўляць_VERB	6
вывучаць_VERB	займацца_VERB	3.46
імітаваць_VERB	маляваць_VERB	7.54
інтэлект_NOUN	логіка_NOUN	4.31
інфармаваць_VERB	паведамляць_VERB	9.46
даследаваць_VERB	вывучаць_VERB	8.69
істэрыка_NOUN	зацямненне_NOUN	4.77
гісторыя_NOUN	тэма_NOUN	1.85
знікаць_VERB	сціскацца_VERB	3.92
кабінка_NOUN	будка_NOUN	7.54
ўяўны_ADJ	відавочны_ADJ	2.92
капітан_NOUN	марак_NOUN	3.92
карніз_NOUN	фіранка_NOUN	2.31
карта_NOUN	брыдж_NOUN	1.23
рондаль_NOUN	прыбор_NOUN	2
кватэра_NOUN	мэбля_NOUN	1.69
кватэра_NOUN	гасцініца_NOUN	3.23
пэндзаль_NOUN	палец_NOUN	3.23
пэндзаль_NOUN	запясце_NOUN	5.23
пэндзаль_NOUN	ступня_NOUN	0
клас_NOUN	калідор_NOUN	1.46
класці_VERB	вешаць_VERB	1
клуб_NOUN	грамадства_NOUN	6.69
кніга_NOUN	тэкст_NOUN	5.31
кніга_NOUN	літаратура_NOUN	6
кніга_NOUN	гісторыя_NOUN	1.38
кніга_NOUN	Біблія_NOUN	5.23
кніга_NOUN	тэма_NOUN	2.075
кніга_NOUN	інфармацыя_NOUN	5.31
кніга_NOUN	эсэ_NOUN	3.77
кніга_NOUN	артыкул_NOUN	3.92
код_NOUN	сімвал_NOUN	6.08
койка_NOUN	бальніца_NOUN	2.38
каледж_NOUN	прафесія_NOUN	2.62
каледж_NOUN	клас_NOUN	2.38
калекцыянаваць_VERB	захоўваць_VERB	5.62
камунікацыя_NOUN	тэлебачанне_NOUN	6.62
пакой_NOUN	ванна_NOUN	0.85
пакой_NOUN	ложак_NOUN	1.15
пакой_NOUN	камера_NOUN	5.08
кампетэнцыя_NOUN	здольнасьць_NOUN	2.425
кампазітар_NOUN	пісьменнік_NOUN	4.54
камфорт_NOUN	бяспека_NOUN	6.31
канечнасьць_NOUN	нага_NOUN	7.85
кантэйнер_NOUN	мыш_NOUN	0.15
конь_NOUN	жарабя_NOUN	6.23
конь_NOUN	бык_NOUN	1.31
корань_NOUN	трава_NOUN	2.92
скрынка_NOUN	ліфт_NOUN	1.77
скрынка_NOUN	капялюш_NOUN	0.69
карова_NOUN	быдла_NOUN	8.08
карова_NOUN	каза_NOUN	2.15
кароль_NOUN	прынцэса_NOUN	0.85
кароткі_ADJ	доўгі_ADJ	0
карпарацыя_NOUN	прадпрыемства_NOUN	8.31
костка_NOUN	сківіца_NOUN	2.08
костка_NOUN	шчыкалатка_NOUN	2.08
костка_NOUN	калена_NOUN	2.69
костка_NOUN	шыя_NOUN	2.15
костка_NOUN	зуб_NOUN	2.08
костка_NOUN	локаць_NOUN	1.54
кот_NOUN	львы_NOUN	1.15
кот_NOUN	гадаванец_NOUN	4.46
кот_NOUN	трус_NOUN	0.46
катэдж_NOUN	домік_NOUN	7.38
край_NOUN	канец_NOUN	7.54
прыгожы_ADJ	выдатны_ADJ	9.38
прыгажосць_NOUN	узрост_NOUN	2.85
ложачак_NOUN	калыска_NOUN	7.69
ложак_NOUN	спальня_NOUN	2.46
ложак_NOUN	ложачак_NOUN	9
ложак_NOUN	мэбля_NOUN	3.08
ложак_NOUN	кушэтка_NOUN	8
ложак_NOUN	крэсла_NOUN	1.23
кроў_NOUN	плоць_NOUN	1.23
кроў_NOUN	мозг_NOUN	1.23
малюсенькі_ADJ	велізарны_ADJ	0
буйны_ADJ	вялікі_ADJ	9.46
буйны_ADJ	гнуткі_ADJ	0
пацук_NOUN	мыш_NOUN	3.46
дах_NOUN	столь_NOUN	2.77
дах_NOUN	падлога_NOUN	0.23
кузен_NOUN	дзядзька_NOUN	4.77
курыца_NOUN	індычка_NOUN	3.54
курс_NOUN	страўнік_NOUN	0
кураціна_NOUN	рыс_NOUN	0.38
кураціна_NOUN	стейк_NOUN	4
кушэтка_NOUN	бейсбол_NOUN	0.23
лагер_NOUN	домік_NOUN	1.92
збірацца_VERB	дагаджаць_VERB	4.85
лёгкі_ADJ	цяжкі_ADJ	0
лёгкі_ADJ	вялікі_ADJ	0
песціць_VERB	захоўваць_VERB	3.77
лен_NOUN	тканіна_NOUN	3.46
лімон_NOUN	чай_NOUN	0.23
лінза_NOUN	фотаапарат_NOUN	1.77
спрытны_ADJ	цягавіты_ADJ	3.92
логіка_NOUN	арыфметыка_NOUN	4.38
лодка_NOUN	якар_NOUN	2
шчыкалатка_NOUN	акно_NOUN	0
лыжка_NOUN	кубак_NOUN	1.54
локаць_NOUN	шчыкалатка_NOUN	0.69
конь_NOUN	кабыла_NOUN	10
месяц_NOUN	планета_NOUN	4.62
прамень_NOUN	сонца_NOUN	3.54
хлопчык_NOUN	дзіця_NOUN	5.62
хлопчык_NOUN	сын_NOUN	3.62
хлопчык_NOUN	партнёр_NOUN	1
хлопчык_NOUN	брат_NOUN	2.54
хлопчык_NOUN	салдат_NOUN	1.23
марыхуана_NOUN	трава_NOUN	5.85
алей_NOUN	бульба_NOUN	0.77
алей_NOUN	норка_NOUN	0.62
маці_NOUN	апякунка_NOUN	3.85
маці_NOUN	жонка_NOUN	2
медбрат_NOUN	навуковец_NOUN	2
меню_NOUN	заказ_NOUN	3.31
метал_NOUN	алюміній_NOUN	4.62
метр_NOUN	ярд_NOUN	4.85
метр_NOUN	цаля_NOUN	2.62
механізм_NOUN	рухавік_NOUN	5.08
мілы_ADJ	жорсткі_ADJ	0
свет_NOUN	дол_NOUN	5.85
міска_NOUN	хвост_NOUN	0.15
мішэнь_NOUN	страла_NOUN	1.08
немаўля_NOUN	дачка_NOUN	4.69
думка_NOUN	выбар_NOUN	1.77
думка_NOUN	ідэя_NOUN	3
думка_NOUN	уражаньне_NOUN	5.23
малекула_NOUN	атам_NOUN	3.85
малекула_NOUN	паветра_NOUN	3.77
малако_NOUN	сок_NOUN	1.85
мора_NOUN	акіян_NOUN	5.77
імжа_NOUN	дождж_NOUN	7.77
матэль_NOUN	гасцініца_NOUN	9.31
матор_NOUN	рухавік_NOUN	8.92
матор_NOUN	лодка_NOUN	0.31
мудрасць_NOUN	розум_NOUN	8.23
мужнасьць_NOUN	стрыманасць_NOUN	2.54
мужчына_NOUN	дзядзька_NOUN	4.38
мужчына_NOUN	бацька_NOUN	5.08
мужчына_NOUN	дзіця_NOUN	0.23
мужчына_NOUN	муж_NOUN	5.62
мужчына_NOUN	воін_NOUN	5.92
мужчына_NOUN	братэрства_NOUN	1.69
музыка_NOUN	мелодыя_NOUN	8.77
мускул_NOUN	костка_NOUN	0.62
мускул_NOUN	мова_NOUN	1.69
мышка_NOUN	котка_NOUN	1.54
мыш_NOUN	кіраванне_NOUN	3.85
мяса_NOUN	бекон_NOUN	6
мяса_NOUN	бутэрброд_NOUN	2.08
мяса_NOUN	хлеб_NOUN	1.31
мяч_NOUN	кошык_NOUN	0.77
мяч_NOUN	пальчатка_NOUN	1
прызначаць_VERB	абіраць_VERB	2.85
прызначэнне_NOUN	абавязацельства_NOUN	3.92
падатак_NOUN	даход_NOUN	2.23
нагадваць_VERB	забываць_VERB	2.77
нагадваць_VERB	прадаваць_VERB	0.15
народ_NOUN	цэнт_NOUN	0.15
народ_NOUN	стрэльба_NOUN	0.08
народ_NOUN	шар_NOUN	0.08
насякомае_NOUN	пчала_NOUN	6.46
насельніцтва_NOUN	народ_NOUN	8.62
цешыцца_VERB	забаўляцца_VERB	6.69
настаўнік_NOUN	памочнік_NOUN	3.46
настаўнік_NOUN	рабін_NOUN	4.69
настрой_NOUN	эмоцыя_NOUN	7.38
настроіць_NOUN	упэўненасць_NOUN	4.69
навука_NOUN	псіхалогія_NOUN	2.69
знаходзіць_VERB	знікаць_VERB	0
пачынаць_VERB	адбывацца_VERB	4.08
пачынаць_VERB	спыняць_VERB	0
пачынаць_VERB	ісьці_VERB	0.46
неба_NOUN	сусвет_NOUN	3.77
невуцтва_NOUN	розум_NOUN	1.69
нявеста_NOUN	прынцэса_NOUN	1.46
нядаўні_ADJ	новы_ADJ	6.77
недарагі_ADJ	танней_ADJ	9.46
нелегальны_ADJ	амаральны_ADJ	1.62
нямы_ADJ	рэдкі_ADJ	0
ненармальны_ADJ	нармальны_ADJ	0
ненармальны_ADJ	незвычайны_ADJ	5.92
непатрэбны_ADJ	неабходны_ADJ	0
неабходны_ADJ	важны_ADJ	7.38
незвычайны_ADJ	звычайны_ADJ	0
неад'емны_ADJ	неабходны_ADJ	8.15
нерв_NOUN	мозг_NOUN	2.85
несці_VERB	прыносіць_VERB	6.62
нецярплівы_ADJ	неспакойны_ADJ	7.77
няўрымслівы_ADJ	малады_ADJ	1.85
ніз_NOUN	верх_NOUN	0
ніз_NOUN	боку_NOUN	0.46
новы_ADJ	свежы_ADJ	7.77
новы_ADJ	стары_ADJ	0
нага_NOUN	рука_NOUN	0
пазногаць_NOUN	палец_NOUN	3.31
пазногаць_NOUN	пэндзаль_NOUN	0.85
норка_NOUN	мех_NOUN	1.54
нос_NOUN	рот_NOUN	1.23
носьбіт_NOUN	навіна_NOUN	1
ноч_NOUN	дзень_NOUN	0
ноч_NOUN	світанне_NOUN	1.08
ноч_NOUN	кіраўнік_NOUN	0.23
воблака_NOUN	туман_NOUN	3.77
воблака_NOUN	смуга_NOUN	3.38
воблака_NOUN	надвор'е_NOUN	2.46
воблака_NOUN	імгла_NOUN	2.85
вобласць_NOUN	рэгіён_NOUN	9.08
вобласць_NOUN	зона_NOUN	8.08
вобласць_NOUN	кут_NOUN	1.92
выяўляць_VERB	знаходзіць_VERB	8.85
заручацца_VERB	ажаніцца_VERB	6.77
акалічнасць_NOUN	сітуацыя_NOUN	5.92
абмяркоўваць_VERB	тлумачыць_VERB	5.77
мець зносіны_VERB	маліцца_VERB	2.38
зносіны_NOUN	мова_NOUN	3.85
зносіны_NOUN	гутарка_NOUN	8.85
аб'ядноўвацца_VERB	ажаніцца_VERB	4.31
аб'ядноўвацца_VERB	набываць_VERB	2
аб'яўляць_VERB	абвяшчаць_VERB	8.46
тлумачыць_VERB	даказваць_VERB	8.23
авечка_NOUN	ягня_NOUN	6.15
авечка_NOUN	быдла_NOUN	6.08
агароджа_NOUN	плот_NOUN	9.54
велізарны_ADJ	тупы_ADJ	0
адзенне_NOUN	шафа_NOUN	0.92
адзенне_NOUN	тканіна_NOUN	2.925
адзенне_NOUN	скрыня_NOUN	0.31
адзенне_NOUN	гузік_NOUN	2.46
адзенне_NOUN	паліто_NOUN	7.54
адзенне_NOUN	пінжак_NOUN	4
возера_NOUN	балота_NOUN	3.31
акно_NOUN	дзверы_NOUN	0.15
волава_NOUN	алюміній_NOUN	2.54
волава_NOUN	метал_NOUN	4.85
небяспека_NOUN	пагроза_NOUN	9.69
небяспека_NOUN	хвароба_NOUN	5
вызначаць_VERB	прадказваць_VERB	5.31
плойма_NOUN	натоўп_NOUN	7.15
орган_NOUN	печань_NOUN	3.15
арганізоўваць_VERB	станавіцца_VERB	1.38
аркестр_NOUN	парад_NOUN	1.54
ортодонт_NOUN	дантыст_NOUN	6.85
аглядаць_VERB	вывучаць_VERB	5.31
усведамляць_VERB	выяўляць_VERB	5.15
заставацца_VERB	захоўваць_VERB	3.08
выспа_NOUN	задача_NOUN	0.15
востры_ADJ	тупы_ADJ	0
не прымаць_VERB	пазбягаць_VERB	5.85
бацька_NOUN	бацькі_NOUN	9.46
бацька_NOUN	дачка_NOUN	1.92
бацька_NOUN	маці_NOUN	1.54
бацька_NOUN	брат_NOUN	0.69
бацька_NOUN	бог_NOUN	4.92
адкрываць_VERB	адбывацца_VERB	2.54
адсоўваць_VERB	не прымаць_VERB	4.46
адлюстраванне_NOUN	чын_NOUN	6.31
адмаўленне_NOUN	прызнанне_NOUN	1.31
адсутнасць_NOUN	прысутнасьць_NOUN	0.08
афіцыйны_ADJ	прыстойны_ADJ	2.31
пакт_NOUN	пагадненне_NOUN	8.54
пакт_NOUN	умова_NOUN	3.46
палец_NOUN	далонь_NOUN	3.15
палуба_NOUN	мыш_NOUN	0.15
хлопец_NOUN	бабнік_NOUN	2.31
хлопец_NOUN	таварыш_NOUN	4.77
хлопец_NOUN	дзяўчына_NOUN	0.31
пачак_NOUN	цыгара_NOUN	2.31
песня_NOUN	гісторыя_NOUN	1.77
завеса_NOUN	пояс_NOUN	0.85
смутак_NOUN	сорам_NOUN	2
журботны_ADJ	смешны_ADJ	0
журботны_ADJ	жудасны_ADJ	2.31
піва_NOUN	алкаголь_NOUN	6.31
піва_NOUN	напой_NOUN	4
піва_NOUN	шампанскае_NOUN	1.62
пісьменнік_NOUN	чытач_NOUN	1.92
ліст_NOUN	абзац_NOUN	1.62
платформа_NOUN	вагон_NOUN	2.62
платформа_NOUN	кантэйнер_NOUN	0.54
плячо_NOUN	галава_NOUN	0.54
дрэнны_ADJ	жудасны_ADJ	8.62
дрэнны_ADJ	амаральны_ADJ	5.85
дрэнны_ADJ	цудоўны_ADJ	0
дрэнны_ADJ	вінаваты_ADJ	1.62
пляж_NOUN	узбярэжжа_NOUN	6.62
пляж_NOUN	выспа_NOUN	4.46
пляж_NOUN	мора_NOUN	3.46
пляж_NOUN	рыф_NOUN	1.38
перамога_NOUN	трыумф_NOUN	9.62
пераможца_NOUN	кандыдат_NOUN	1.92
пераможца_NOUN	прысутнасьць_NOUN	0.46
пераможца_NOUN	гол_NOUN	4
перамагаць_VERB	мець поспех_VERB	5.85
перамагаць_VERB	завяршаць_VERB	0.46
перамагаць_VERB	дамінаваць_VERB	5.23
паглынаць_VERB	вучыцца_VERB	1.23
паглынаць_VERB	мець_VERB	1.92
паглынаць_VERB	аддзяляцца_VERB	0.23
падбадзёрваць_VERB	адгаворваць_VERB	0.38
сяброўка_NOUN	маці_NOUN	2.38
пацвярджаць_VERB	абгрунтоўваць_VERB	5.38
дазваляць_VERB	вырашаць_VERB	9.38
пакідаць_VERB	уваходзіць_VERB	0.69
пакідаць_VERB	ісьці_VERB	2
пакідаць_VERB	заставацца_VERB	0.08
пакідаць_VERB	ігнараваць_VERB	1.23
пакідаць_VERB	вандраваць_VERB	1.85
пакідаць_VERB	з'яўляцца_VERB	0.15
рахманы_ADJ	гнуткі_ADJ	4
падлога_NOUN	столь_NOUN	1.31
падлога_NOUN	палуба_NOUN	6.23
палітык_NOUN	прэзідэнт_NOUN	7.46
паліцэйскі_NOUN	шэрыф_NOUN	8.54
поліэстэр_NOUN	бавоўна_NOUN	1.92
атрымліваць_VERB	даваць_VERB	0.08
атрымліваць_VERB	прызначаць_VERB	0.23
памочніца_NOUN	служанка_NOUN	6
разумець_VERB	ведаць_VERB	6.77
разумець_VERB	слухаць_VERB	4.38
разумець_VERB	дараваць_VERB	5.69
разумець_VERB	задавальняць_VERB	1.77
наведваць_VERB	прыбываць_VERB	5.46
пасцель_NOUN	коўдра_NOUN	3.38
пасылаць_VERB	атрымліваць_VERB	0.15
пасылаць_VERB	наведваць_VERB	0
столь_NOUN	сабор_NOUN	0.08
нырка_NOUN	орган_NOUN	7.69
з'яўляцца_VERB	наведваць_VERB	4.77
права_NOUN	правасуддзе_NOUN	4.92
свята_NOUN	цырымонія_NOUN	6.85
меркаваць_VERB	прадказваць_VERB	6.62
прадпрыемства_NOUN	прамысловасць_NOUN	5.23
прадпрыемства_NOUN	кампанія_NOUN	9.23
прадстаўнік_NOUN	адвакат_NOUN	6.15
прадстаўляць_VERB	вырашаць_VERB	0.38
прадузятасць_NOUN	думка_NOUN	4.92
прэзідэнт_NOUN	мэр_NOUN	3.92
выдатны_ADJ	цудоўны_ADJ	9.38
выдатны_ADJ	жудасны_ADJ	0
злачынства_NOUN	крадзеж_NOUN	5
злачынства_NOUN	махлярства_NOUN	5.69
злачынства_NOUN	парушэнне_NOUN	6.23
мець поспех_VERB	правальваецца_VERB	0
мець поспех_VERB	спрабаваць_VERB	1.77
прыбываць_VERB	пакідаць_VERB	0
прыбываць_VERB	прыходзіць_VERB	8.08
вітаць_VERB	сустракаць_VERB	7.15
звычка_NOUN	манера_NOUN	8.15
прызнаваць_VERB	паведамляць_VERB	3.54
прымаць_VERB	не прымаць_VERB	0.345
прымаць_VERB	прызнаваць_VERB	7.08
прымаць_VERB	верыць_VERB	2.54
прымаць_VERB	дараваць_VERB	5.08
прымаць_VERB	рэкамендаваць_VERB	0.46
прымаць_VERB	дастаўляць_VERB	0.08
прыносіць_VERB	пасылаць_VERB	0.62
прыносіць_VERB	аднаўляць_VERB	0.23
прыносіць_VERB	скардзіцца_VERB	0.08
прынц_NOUN	кароль_NOUN	5.08
прынцэса_NOUN	выспа_NOUN	0
набываць_VERB	атрымліваць_VERB	7.115
набываць_VERB	знаходзіць_VERB	5.15
набываць_VERB	купляць_VERB	8.46
прысутнасьць_NOUN	дзверы_NOUN	0.92
прыкідвацца_VERB	здавацца_VERB	4.92
прыкідвацца_VERB	уяўляць_VERB	1.77
прыкідвацца_VERB	маляваць_VERB	6
прыходзіць_VERB	наведваць_VERB	7.85
прыходзіць_VERB	прыносіць_VERB	0.23
прыяцель_NOUN	спадарожнік_NOUN	4.77
прыемны_ADJ	велікадушны_ADJ	3.54
правальваецца_VERB	бянтэжыць_VERB	0.69
провад_NOUN	шнура_NOUN	7.92
абвяшчаць_VERB	аб'яўляць_VERB	7.23
прадавацца_VERB	прадаваць_VERB	4.23
прайграваць_VERB	правальваецца_VERB	3.92
здарэньне_NOUN	аварыя_NOUN	4.92
прападаць_VERB	знікаць_VERB	9.31
прарэх_NOUN	пагадненне_NOUN	0
прасіць_VERB	маліць_VERB	8
прасіць_VERB	маліцца_VERB	5.46
просты_ADJ	лёгкі_ADJ	7
праход_NOUN	калідор_NOUN	7.61666666666667
дараваць_VERB	забываць_VERB	5.54
растлумачваць_VERB	тлумачыць_VERB	8.31
пруток_NOUN	турма_NOUN	0.08
пруток_NOUN	клетка_NOUN	0.08
псалом_NOUN	заваёва_NOUN	0.31
псалом_NOUN	салома_NOUN	0
птушка_NOUN	ястраб_NOUN	5.23
птушка_NOUN	індычка_NOUN	4.08
птушка_NOUN	курыца_NOUN	5.46
бурбалка_NOUN	пена_NOUN	3.23
падарожжа_NOUN	заваёва_NOUN	0.69
падарожжа_NOUN	паездка_NOUN	8.31
пчала_NOUN	матка_NOUN	2.77
пчала_NOUN	мурашка_NOUN	0.62
спрабаваць_VERB	думаць_VERB	0.38
праца_NOUN	кіраванне_NOUN	4.46
работнік_NOUN	механік_NOUN	2.54
работнік_NOUN	фотаапарат_NOUN	0.62
працадаўца_NOUN	работнік_NOUN	1.93
рабін_NOUN	святар_NOUN	7.38
радасць_NOUN	гордасць_NOUN	1.77
разбор_NOUN	вердыкт_NOUN	2.62
забава_NOUN	футбол_NOUN	1.69
памер_NOUN	велічыня_NOUN	8.15
разважаць_VERB	думаць_VERB	9.15
руйнаваць_VERB	ствараць_VERB	0
руйнаваць_VERB	арганізоўваць_VERB	0
руйнаваць_VERB	будаваць_VERB	0
разбурэнне_NOUN	пабудова_NOUN	0.23
дзе ракі зімуюць_NOUN	хвароба_NOUN	7.54
ранімы_ADJ	абыякавы_ADJ	0.15
пашырацца_VERB	расці_VERB	8.08
рэальнасць_NOUN	фантазія_NOUN	0.23
рэальнасць_NOUN	ілюзія_NOUN	0.15
дзіця_NOUN	дарослы_NOUN	0
дзіця_NOUN	хлопчык_NOUN	5.38
ребячливый_ADJ	безразважны_ADJ	5.08
рака_NOUN	паток_NOUN	6.23
рака_NOUN	даліна_NOUN	0.23
рака_NOUN	мора_NOUN	2.62
вырашаць_VERB	выбіраць_VERB	6.77
вырашальны_ADJ	важны_ADJ	7.08
рыс_NOUN	боб_NOUN	1.08
рыс_NOUN	хлопчык_NOUN	0.08
рытм_NOUN	мелодыя_NOUN	5
бацькі_NOUN	дарослы_NOUN	3.54
нараджаць_VERB	насіць_VERB	3.69
ражок_NOUN	барабан_NOUN	0.62
рот_NOUN	губа_NOUN	4.31
рот_NOUN	зуб_NOUN	3.15
рубеж_NOUN	мяжа_NOUN	9.77
стрэльба_NOUN	гармата_NOUN	3.38
стрэльба_NOUN	нож_NOUN	1.23
стрэльба_NOUN	свавольства_NOUN	0.38
стрэльба_NOUN	світанне_NOUN	0.08
стрэльба_NOUN	мех_NOUN	0.54
рука_NOUN	плячо_NOUN	2
рука_NOUN	запясце_NOUN	2.54
рука_NOUN	мускул_NOUN	1.54
рука_NOUN	цела_NOUN	1.15
рука_NOUN	Вена_NOUN	1.08
рука_NOUN	калена_NOUN	0.46
рука_NOUN	костка_NOUN	1.62
рука_NOUN	шыя_NOUN	0.62
кіраўніцтва_NOUN	кіраванне_NOUN	8.69
салата_NOUN	воцат_NOUN	1.31
самалёт_NOUN	аэрапорт_NOUN	1.31
самалёт_NOUN	джет_NOUN	5.69
самаўпэўнены_ADJ	упэўнены_ADJ	7.38
цукар_NOUN	мёд_NOUN	2.69
свежы_ADJ	шырокі_ADJ	0
швэдар_NOUN	пінжак_NOUN	1.54
святар_NOUN	манах_NOUN	7.38
поўнач_NOUN	Захад_NOUN	0.46
секунда_NOUN	хвіліна_NOUN	2.69
сэрца_NOUN	аперацыя_NOUN	1
сціскацца_VERB	расці_VERB	0
сіла_NOUN	моц_NOUN	7.77
сіла_NOUN	здольнасьць_NOUN	2.38
моцны_ADJ	горды_ADJ	3.23
сімуляваць_VERB	прыкідвацца_VERB	9.23
сітуацыя_NOUN	стан_NOUN	2.62
складваць_VERB	дзяліць_VERB	0.15
хуткі_ADJ	хуткасны_ADJ	9.15
быдла_NOUN	бык_NOUN	5.23
скрыпка_NOUN	інструмент_NOUN	4.46
сціплы_ADJ	рахманы_ADJ	2.46
скрытны_ADJ	дзіўны_ADJ	3.15
бедны_ADJ	рэдкі_ADJ	4.85
сумны_ADJ	смешны_ADJ	0
слоўнік_NOUN	тлумачэнне_NOUN	5.69
слова_NOUN	слоўнік_NOUN	2.77
слова_NOUN	літаратура_NOUN	3.31
слова_NOUN	старонка_NOUN	2.15
слова_NOUN	ключ_NOUN	1
здарацца_VERB	адбывацца_VERB	9.46
слухаць_VERB	чуць_VERB	7
слухаць_VERB	падпарадкоўвацца_VERB	5
слухацца_VERB	падпарадкоўвацца_VERB	6.85
золь_NOUN	бруд_NOUN	7.85
смерць_NOUN	пахаванне_NOUN	5.31
смерць_NOUN	трагедыя_NOUN	4.77
смерць_NOUN	бедзтва_NOUN	1.92
снег_NOUN	надвор'е_NOUN	3.08
снег_NOUN	шторм_NOUN	2.15
сабака_NOUN	котка_NOUN	0
сабака_NOUN	конь_NOUN	0.62
збірацца_VERB	сустракацца_VERB	7.08
збірацца_VERB	наведваць_VERB	0.62
раіць_VERB	рэкамендаваць_VERB	9.46
сучасны_ADJ	старадаўні_ADJ	0
згаджацца_VERB	спрачацца_VERB	0.15
згаджацца_VERB	адмаўляць_VERB	0
злучаць_VERB	дадаваць_VERB	4.62
ствараць_VERB	рабіць_VERB	8.31
ствараць_VERB	будаваць_VERB	6.92
ствараць_VERB	прадстаўляць_VERB	0.15
стваральнік_NOUN	вытворца_NOUN	9.46
сонца_NOUN	неба_NOUN	1.69
кемлівы_ADJ	інтэлектуальны_ADJ	8.31
кемлівы_ADJ	тупы_ADJ	0
адпавядаць_VERB	адрознівацца_VERB	0
сапернік_NOUN	праціўнік_NOUN	9.08
стан_NOUN	хлопчык_NOUN	0.85
сасуд_NOUN	Вена_NOUN	6.77
супрацоўнічаць_VERB	удзельнічаць_VERB	3.69
супрацоўнічаць_VERB	аб'ядноўвацца_VERB	6.38
захоўваць_VERB	абараняць_VERB	6.85
спіртное_NOUN	стагоддзе_NOUN	0
спіртное_NOUN	група_NOUN	0.23
плётка_NOUN	навіна_NOUN	4.85
спрэчка_NOUN	пагадненне_NOUN	1.31
спрэчка_NOUN	крытыка_NOUN	3.92
спрачацца_VERB	адрознівацца_VERB	1.46
спрачацца_VERB	пераконваць_VERB	7.31
параўноўваць_VERB	аналізаваць_VERB	5.38
шклянка_NOUN	ражок_NOUN	5.08
станавіцца_VERB	здавацца_VERB	2.925
стары_ADJ	новы_ADJ	0
стары_ADJ	свежы_ADJ	0
артыкул_NOUN	часопіс_NOUN	3.92
стейк_NOUN	мяса_NOUN	6.54
шкло_NOUN	крышталь_NOUN	5.69
сцяна_NOUN	цэгла_NOUN	1.92
сцяна_NOUN	апрацоўка_NOUN	2.85
стыль_NOUN	мода_NOUN	7.62
старонка_NOUN	абзац_NOUN	2
дзіўны_ADJ	незвычайны_ADJ	8.92
дзіўны_ADJ	скрытны_ADJ	2.69
вандраваць_VERB	блукаць_VERB	8.15
крэсла_NOUN	лаўка_NOUN	3
ступня_NOUN	галава_NOUN	1.38
судна_NOUN	палуба_NOUN	3.08
судна_NOUN	аўтамабіль_NOUN	0.85
сумачка_NOUN	сумка_NOUN	9.38
шчасце_NOUN	поспех_NOUN	7.77
шчасце_NOUN	прымірэнне_NOUN	6.15
шчаслівы_ADJ	радасны_ADJ	8.46
шчаслівы_ADJ	задаволены_ADJ	8.08
шчаслівы_ADJ	злы_ADJ	0
шчаслівы_ADJ	малады_ADJ	0.46
сын_NOUN	бацька_NOUN	1.46
тытунь_NOUN	цыгарэта_NOUN	7.31
таксі_NOUN	таксаматор_NOUN	6.38
таксаматор_NOUN	аўтобус_NOUN	5.15
талерка_NOUN	міска_NOUN	8.31
цвёрды_ADJ	трывалы_ADJ	7.77
цвёрды_ADJ	шчыльны_ADJ	6.31
цяля_NOUN	бык_NOUN	5.38
тэлефон_NOUN	будка_NOUN	2.62
цела_NOUN	грудзі_NOUN	3.62
цела_NOUN	страўнік_NOUN	0.92
цела_NOUN	плячо_NOUN	1.54
цела_NOUN	пазваночнік_NOUN	3.38
цела_NOUN	нерв_NOUN	2
тэрапеўт_NOUN	лекар_NOUN	5.23
губляць_VERB	захоўваць_VERB	0
губляць_VERB	атрымліваць_VERB	0.08
цётка_NOUN	пляменнік_NOUN	1.38
натоўп_NOUN	група_NOUN	6.38
натоўп_NOUN	парад_NOUN	4.77
тужлівы_ADJ	сумны_ADJ	8.62
трава_NOUN	травінка_NOUN	8.31
трава_NOUN	мох_NOUN	5
трапеза_NOUN	вячэра_NOUN	8.15
трапеза_NOUN	талія_NOUN	0.85
марнаваць_VERB	збіраць_VERB	0
патрабаваць_VERB	запытваць_VERB	6.15
трубка_NOUN	цыгара_NOUN	5.31
цяжкі_ADJ	просты_ADJ	0
трук_NOUN	памер_NOUN	0.23
тупы_ADJ	дурацкі_ADJ	7.54
тупы_ADJ	дурны_ADJ	8.54
тупы_ADJ	інтэлектуальны_ADJ	0
тупы_ADJ	разумны_ADJ	0
хмара_NOUN	бура_NOUN	2.38
турма_NOUN	выбар_NOUN	0.62
грунтоўны_ADJ	важкі_ADJ	8.62
цяжкі_ADJ	лёгкі_ADJ	0
перакананы_ADJ	бясспрэчны_ADJ	5.92
прытулак_NOUN	хаціна_NOUN	7.15
забіваць_VERB	знішчаць_VERB	7.92
забіваць_VERB	душыць_VERB	7.08
забіваць_VERB	вешаць_VERB	3
забіваць_VERB	абараняць_VERB	1.54
упэўненасць_NOUN	самасць_NOUN	6
дагаджаць_VERB	маліць_VERB	0.77
дагаджаць_VERB	забаўляць_VERB	5.46
задавальняць_VERB	дагаджаць_VERB	6.77
вячэра_NOUN	сняданак_NOUN	0.31
вячэра_NOUN	трапеза_NOUN	7.23
вячэра_NOUN	суп_NOUN	2.69
вячэра_NOUN	кураціна_NOUN	1.15
вузкі_ADJ	шырокі_ADJ	0
пазнаваць_VERB	слухаць_VERB	1.62
вуліца_NOUN	завулак_NOUN	5.69
вуліца_NOUN	аўтамабіль_NOUN	0.62
розум_NOUN	навык_NOUN	2.85
розум_NOUN	праніклівасць_NOUN	6.15
памяншацца_VERB	сціскацца_VERB	8.46
памнажаць_VERB	дзяліць_VERB	0.46
памнажаць_VERB	складваць_VERB	2.92
маліць_VERB	прасіць_VERB	8.08
намаганне_NOUN	цяжкасць_NOUN	4.38
ладзіць_VERB	арганізоўваць_VERB	7.62
ладзіць_VERB	мець патрэбу_VERB	0.23
удзельнічаць_VERB	далучацца_VERB	6.46
навучэнец_NOUN	вучань_NOUN	9.85
навучэнец_NOUN	выкладчык_NOUN	1.69
вучань_NOUN	прэзідэнт_NOUN	0.38
настаўнік_NOUN	выкладчык_NOUN	9.92
цясніну_NOUN	даліна_NOUN	2.85
факт_NOUN	сутнасьць_NOUN	6.77
факультэт_NOUN	юрыспрудэнцыя_NOUN	1.92
фільм_NOUN	кінастужка_NOUN	9.92
флот_NOUN	армія_NOUN	4.38
формула_NOUN	ураўненьне_NOUN	7
формула_NOUN	часопіс_NOUN	0.08
фотаапарат_NOUN	прэзідэнт_NOUN	0.15
фраза_NOUN	слова_NOUN	2
хімія_NOUN	тэорыя_NOUN	2.62
хітры_ADJ	разумны_ADJ	3.38
хлеб_NOUN	мука_NOUN	5.15
хлеб_NOUN	сыр_NOUN	0.38
пагорак_NOUN	уцёс_NOUN	3.54
хацець_VERB	выбіраць_VERB	1.15
захоўваць_VERB	валодаць_VERB	5.31
захоўваць_VERB	абараняць_VERB	6.15
кветка_NOUN	фіялка_NOUN	6.31
кветка_NOUN	цыбуліна_NOUN	2.31
кветка_NOUN	куст_NOUN	3
кветка_NOUN	цягавітасьць_NOUN	0.46
мэта_NOUN	пошук_NOUN	0.62
каштоўнасць_NOUN	вера_NOUN	2.23
цэнт_NOUN	памер_NOUN	0.69
цэнт_NOUN	жонка_NOUN	0.23
царква_NOUN	хор_NOUN	1.46
кубак_NOUN	збан_NOUN	3.15
чалавек_NOUN	пераможца_NOUN	0.46
чалавек_NOUN	ахоўнік_NOUN	2.31
чэмпіён_NOUN	пераможца_NOUN	9.38
сумленны_ADJ	вінаваты_ADJ	0
пара_NOUN	тандэм_NOUN	8.08
чытаць_VERB	разумець_VERB	0.31
пачуццё_NOUN	інтуіцыя_NOUN	6.85
цудоўны_ADJ	дзіўны_ADJ	8.54
пачвара_NOUN	дэман_NOUN	6.85
шыя_NOUN	пазваночнік_NOUN	2.62
шырокі_ADJ	вузкі_ADJ	0
школа_NOUN	клас_NOUN	3.69
шланг_NOUN	сад_NOUN	0.77
капялюш_NOUN	паліто_NOUN	1.23
капялюшык_NOUN	цвік_NOUN	0.85
шакалад_NOUN	пірог_NOUN	1.77
шпіль_NOUN	капліца_NOUN	2.08
шум_NOUN	грукат_NOUN	7.62
шчака_NOUN	мова_NOUN	2.69
экзатычны_ADJ	рэдкі_ADJ	7.46
эксцэнтрычны_ADJ	дзіўны_ADJ	6.31
эластычны_ADJ	гнуткі_ADJ	7.92
элегантнасць_NOUN	стыль_NOUN	6.46
электарат_NOUN	партыя_NOUN	2.08
эмоцыя_NOUN	запал_NOUN	3.85
эпоха_NOUN	дзесяцігоддзе_NOUN	4.31
юбілей_NOUN	год_NOUN	2.69
юбілей_NOUN	дата_NOUN	6.62
поўдзень_NOUN	поўнач_NOUN	0
юрыст_NOUN	банкір_NOUN	1.15
яблык_NOUN	сок_NOUN	1.38
яблык_NOUN	слодыч_NOUN	1.54
яблык_NOUN	павідла_NOUN	3.15
яблык_NOUN	лімон_NOUN	1.31
яблык_NOUN	сонца_NOUN	0.15
ядро_NOUN	гармата_NOUN	2.77
мова_NOUN	горла_NOUN	1.38
ярд_NOUN	цаля_NOUN	2.62
люты_ADJ	злы_ADJ	7.46
